# bounding coordinates for smap and smos snotel pixels,,,,,,,,,,,,,,,,
coordinate,aniak,eagle_summit,galena,gobblers_knob,gulkana_river,immnaviat_creek,little_chena_ridge,mcgrath,monument_creek,mt_ryan,munson_ridge,nenana,teuchet_creek,tok,upper_chena,upper_nome_creek
min lat,61.56464833,65.31542053,64.65468465,66.68920419,62.15738474,68.1438186,64.65468465,62.76190016,64.65468465,64.65468465,64.65468465,64.65468465,64.65468465,62.76190016,64.65468465,65.31542053
max lat,62.15738474,65.99309878,65.31542053,67.40544785,62.76190016,68.90665057,65.31542053,63.37900221,65.31542053,65.31542053,65.31542053,65.31542053,65.31542053,63.37900221,65.31542053,65.99309878
min lon,-159.8340249,-145.6431535,-156.846473,-150.8713693,-145.6431535,-149.3775934,-146.7634855,-155.7261411,-146.0165975,-146.3900415,-146.3900415,-149.0041494,-145.6431535,-143.0290456,-145.2697095,-146.7634855
max lon,-159.4605809,-145.2697095,-156.473029,-150.4979253,-145.2697095,-149.0041494,-146.3900415,-155.3526971,-145.6431535,-146.0165975,-146.0165975,-148.6307054,-145.2697095,-142.6556017,-144.8962656,-146.3900415