principal_component,air_avg,soil_avg_00
PC1,0.7071067811865477,0.7071067811865472
PC2,-0.7071067811865472,0.7071067811865477
