principal_component,air_avg,soil_avg_00
PC1,0.7071067811865475,0.7071067811865476
PC2,0.7071067811865476,-0.7071067811865475
