principal_component,air_obs,soil_obs_00
PC1,0.7071067811865478,0.7071067811865474
PC2,-0.7071067811865474,0.7071067811865478
