principal_component,air_obs,soil_obs_00
PC1,0.7071067811865475,0.7071067811865475
PC2,0.7071067811865475,-0.7071067811865475
